id,name,sequence,description,type,compare_method,accumulation_method,multi,style_id/id,auto_expand_accounts_style_id/id,expression_ids/name,expression,auto_expand_accounts,report_id/id
mis_report_kpi_1,profit_or_loss_to_report,100,Ganancias netas,num,pct,none,,l10n_mx_account_reports.mis_report_style_6,,,total_ingreso+total_gastos,True,l10n_mx_account_reports.mis_report_profit_and_loss
mis_report_kpi_2,ingreso,101,Ingreso,num,pct,none,,l10n_mx_account_reports.mis_report_style_6,,,AccountingNone,,l10n_mx_account_reports.mis_report_profit_and_loss
mis_report_kpi_3,ganancia_bruta,102,Ganancia bruta,num,pct,sum,,l10n_mx_account_reports.mis_report_style_7,,,AccountingNone,True,l10n_mx_account_reports.mis_report_profit_and_loss
mis_report_kpi_4,profit,103,Ingresos de operación,num,pct,sum,,l10n_mx_account_reports.mis_report_style_4,l10n_mx_account_reports.mis_report_style_1,,"-balp[401%,402.04%]",True,l10n_mx_account_reports.mis_report_profit_and_loss
mis_report_kpi_5,deducciones_ingresos,104,Deducciones de ingresos,num,pct,sum,,l10n_mx_account_reports.mis_report_style_4,,,"-balp[402.01%,503.01%]",True,l10n_mx_account_reports.mis_report_profit_and_loss
mis_report_kpi_6,ingresos_netos,105,Total Ingresos de Operación,num,pct,sum,,l10n_mx_account_reports.mis_report_style_5,,,profit+deducciones_ingresos,True,l10n_mx_account_reports.mis_report_profit_and_loss
mis_report_kpi_7,costo_de_ingresos,106,Costo de ingresos,num,pct,sum,,l10n_mx_account_reports.mis_report_style_4,,,-balp[501%],True,l10n_mx_account_reports.mis_report_profit_and_loss
mis_report_kpi_8,total_costo_de_ingresos,107,Total Costo de ingresos,num,pct,sum,,l10n_mx_account_reports.mis_report_style_5,,,costo_de_ingresos,True,l10n_mx_account_reports.mis_report_profit_and_loss
mis_report_kpi_9,other_profit,108,Otros ingresos,num,pct,sum,,l10n_mx_account_reports.mis_report_style_7,,,"-balp[403%,702.01%,]",True,l10n_mx_account_reports.mis_report_profit_and_loss
mis_report_kpi_10,otros_costos,109,Otros costos,num,pct,sum,,l10n_mx_account_reports.mis_report_style_7,,,-balp[505%],True,l10n_mx_account_reports.mis_report_profit_and_loss
mis_report_kpi_11,total_ingreso,110,Total Ingreso,num,pct,sum,,l10n_mx_account_reports.mis_report_style_6,,,ingresos_netos+total_costo_de_ingresos+other_profit+otros_costos,True,l10n_mx_account_reports.mis_report_profit_and_loss
mis_report_kpi_12,gastos,111,Gastos,num,pct,none,,l10n_mx_account_reports.mis_report_style_6,,,AccountingNone,,l10n_mx_account_reports.mis_report_profit_and_loss
mis_report_kpi_13,gastos_,112,Gastos,num,pct,sum,,l10n_mx_account_reports.mis_report_style_4,,,"balp[601%,602%,603%,701%]",True,l10n_mx_account_reports.mis_report_profit_and_loss
mis_report_kpi_14,total_gastos,113,Total Gastos,num,pct,sum,,l10n_mx_account_reports.mis_report_style_5,,,-gastos_,True,l10n_mx_account_reports.mis_report_profit_and_loss
mis_report_kpi_15,depreciacion,114,Depreciación y amortización,num,pct,sum,,l10n_mx_account_reports.mis_report_style_7,,,"balp[613%,614%]",True,l10n_mx_account_reports.mis_report_profit_and_loss
mis_report_kpi_16,total_gastos,115,Total Gastos,num,pct,sum,,l10n_mx_account_reports.mis_report_style_6,,,total_gastos-depreciacion,True,l10n_mx_account_reports.mis_report_profit_and_loss
mis_report_kpi_17,activos,116,ACTIVOS,num,pct,sum,,l10n_mx_account_reports.mis_report_style_6,,,AccountingNone,,l10n_mx_account_reports.mis_report_balance_sheet
mis_report_kpi_18,activos_circulantes,117,Activos circulantes,num,pct,sum,,l10n_mx_account_reports.mis_report_style_7,,,AccountingNone,,l10n_mx_account_reports.mis_report_balance_sheet
mis_report_kpi_19,cuentas_bancarias_y_efectivo,118,Cuentas bancarias y efectivo,num,pct,sum,,l10n_mx_account_reports.mis_report_style_4,l10n_mx_account_reports.mis_report_style_8,,"balp[101.01%,102.01%102.02%]",True,l10n_mx_account_reports.mis_report_balance_sheet
mis_report_kpi_20,total_cuentas_bancarias_y_de_efectivo,119,Total Cuentas bancarias y de efectivo,num,pct,sum,,l10n_mx_account_reports.mis_report_style_5,,,cuentas_bancarias_y_efectivo,,l10n_mx_account_reports.mis_report_balance_sheet
mis_report_kpi_21,por_cobrar,120,Por cobrar,num,pct,sum,,l10n_mx_account_reports.mis_report_style_4,,,AccountingNone,,l10n_mx_account_reports.mis_report_balance_sheet
mis_report_kpi_22,activos_circulantes,121,Activos circulantes,num,pct,sum,,l10n_mx_account_reports.mis_report_style_4,l10n_mx_account_reports.mis_report_style_8,,"balp[102.01.04%,103%,104%,105%,106%,107%,108%,109%,110%,111%,112%,113%,114%,115%,117%,118%,119%,120%,121%]",True,l10n_mx_account_reports.mis_report_balance_sheet
mis_report_kpi_23,total_activos_circulantes,122,Total Activos circulantes,num,pct,sum,,l10n_mx_account_reports.mis_report_style_5,,,activos_circulantes,,l10n_mx_account_reports.mis_report_balance_sheet
mis_report_kpi_24,prepagos,123,Prepagos,num,pct,sum,,l10n_mx_account_reports.mis_report_style_4,,,AccountingNone,,l10n_mx_account_reports.mis_report_balance_sheet
mis_report_kpi_25,total_activos_circulante,124,Total activos circulantes,num,pct,sum,,l10n_mx_account_reports.mis_report_style_5,,,total_cuentas_bancarias_y_de_efectivo+total_activos_circulantes,,l10n_mx_account_reports.mis_report_balance_sheet
mis_report_kpi_26,activos_adicionales_fijos,125,Activos adicionales fijos,num,pct,sum,,l10n_mx_account_reports.mis_report_style_7,l10n_mx_account_reports.mis_report_style_8,,"balp[151%,152%,153%,154%,155%,156%,159%,160%,161%,162%,163%,164%,165%,166%,167%,168%,169%,170%]+balp[171%]",True,l10n_mx_account_reports.mis_report_balance_sheet
mis_report_kpi_27,total_activos_adicionales_fijos,126,Total Activos adicionales fijos,num,pct,sum,,l10n_mx_account_reports.mis_report_style_5,,,activos_adicionales_fijos,,l10n_mx_account_reports.mis_report_balance_sheet
mis_report_kpi_28,activos_adicionales_no_circulantes,127,Activos adicionales no circulantes,num,pct,sum,,l10n_mx_account_reports.mis_report_style_7,l10n_mx_account_reports.mis_report_style_8,,"balp[172%,173%,174%,175%,176%,177%,178%,179%,180%,181%,182%,183%,184%,185%,186%,187%,188%,189%,190%,191%]",True,l10n_mx_account_reports.mis_report_balance_sheet
mis_report_kpi_29,total_activos_adicionales_no_circulantes,128,Total Activos adicionales no circulantes,num,pct,sum,,l10n_mx_account_reports.mis_report_style_5,,,activos_adicionales_no_circulantes,,l10n_mx_account_reports.mis_report_balance_sheet
mis_report_kpi_30,total_activos,129,Total ACTIVOS,num,pct,sum,,l10n_mx_account_reports.mis_report_style_5,,,total_activos_circulante+total_activos_adicionales_fijos+total_activos_adicionales_no_circulantes,,l10n_mx_account_reports.mis_report_balance_sheet
mis_report_kpi_31,pasivos,130,PASIVOS,num,pct,sum,,l10n_mx_account_reports.mis_report_style_6,,,AccountingNone,,l10n_mx_account_reports.mis_report_balance_sheet
mis_report_kpi_32,pasivos_circulantes,131,Pasivos circulantes,num,pct,sum,,l10n_mx_account_reports.mis_report_style_7,,,AccountingNone,,l10n_mx_account_reports.mis_report_balance_sheet
mis_report_kpi_33,pasivos_circulante,132,Pasivos circulantes,num,pct,sum,,l10n_mx_account_reports.mis_report_style_4,l10n_mx_account_reports.mis_report_style_8,,"balp[202%,203%,204,%205%,206%,207%,208%,209%,210%,211%,212%,213%,214%,215%,216%,217%,218%]",True,l10n_mx_account_reports.mis_report_balance_sheet
mis_report_kpi_34,total_pasivo_circulante,133,Total Pasivo circulante,num,pct,sum,,l10n_mx_account_reports.mis_report_style_5,,,pasivos_circulante,,l10n_mx_account_reports.mis_report_balance_sheet
mis_report_kpi_35,por_pagar,134,Por pagar,num,pct,sum,,l10n_mx_account_reports.mis_report_style_4,l10n_mx_account_reports.mis_report_style_8,,"balp[102.01.05%,201%]",True,l10n_mx_account_reports.mis_report_balance_sheet
mis_report_kpi_36,total_por_pagar,135,Total Por Pagar,num,pct,sum,,l10n_mx_account_reports.mis_report_style_5,,,por_pagar,,l10n_mx_account_reports.mis_report_balance_sheet
mis_report_kpi_37,total_pasivos_circulantes,136,Total Pasivos circulantes,num,pct,sum,,l10n_mx_account_reports.mis_report_style_5,,,total_pasivo_circulante+total_por_pagar,,l10n_mx_account_reports.mis_report_balance_sheet
mis_report_kpi_38,pasivos_adicionales_no_circulantes,137,Pasivos adicionales no circulantes,num,pct,sum,,l10n_mx_account_reports.mis_report_style_4,l10n_mx_account_reports.mis_report_style_8,,"balp[251%,252%,253%,254%,255%,256%,257%,258%,259%,260%]",True,l10n_mx_account_reports.mis_report_balance_sheet
mis_report_kpi_39,total_pasivos,138,Total PASIVOS,num,pct,sum,,l10n_mx_account_reports.mis_report_style_5,,,total_pasivos_circulantes+pasivos_adicionales_no_circulantes,,l10n_mx_account_reports.mis_report_balance_sheet
mis_report_kpi_40,capital,139,CAPITAL,num,pct,sum,,l10n_mx_account_reports.mis_report_style_6,,,AccountingNone,,l10n_mx_account_reports.mis_report_balance_sheet
mis_report_kpi_41,capital_contabl,140,Capital contable,num,pct,sum,,l10n_mx_account_reports.mis_report_style_7,,,AccountingNone,,l10n_mx_account_reports.mis_report_balance_sheet
mis_report_kpi_42,capital_contable,141,Capital contable,num,pct,sum,,l10n_mx_account_reports.mis_report_style_4,l10n_mx_account_reports.mis_report_style_8,,"balp[301%,302%,303%,306%]",True,l10n_mx_account_reports.mis_report_balance_sheet
mis_report_kpi_43,resultado_de_ejercicios_anteriores,142,Resultado de ejercicios anteriores,num,pct,sum,,l10n_mx_account_reports.mis_report_style_4,l10n_mx_account_reports.mis_report_style_8,,balp[304%],True,l10n_mx_account_reports.mis_report_balance_sheet
mis_report_kpi_44,resultado_de_ejercicio,143,Resultado de ejercicio,num,pct,sum,,l10n_mx_account_reports.mis_report_style_4,l10n_mx_account_reports.mis_report_style_8,,"balp[401%,403%,503%,702%]+balp[402%,501%,502%,504%,505%,601%,602%,603%,604%,605%,606%,607%,608%,609%,610%,611%,612%,613%,614%,701%,703%]",,l10n_mx_account_reports.mis_report_balance_sheet
mis_report_kpi_45,total_capital,144,Total CAPITAL,num,pct,sum,,l10n_mx_account_reports.mis_report_style_5,,,capital_contable+resultado_de_ejercicios_anteriores+resultado_de_ejercicio,,l10n_mx_account_reports.mis_report_balance_sheet
mis_report_kpi_46,pasivos___capital,145,PASIVOS + CAPITAL,num,pct,sum,,l10n_mx_account_reports.mis_report_style_7,,,total_pasivos+total_capital,,l10n_mx_account_reports.mis_report_balance_sheet
mis_report_kpi_47,activo,101,Activo,num,pct,sum,,l10n_mx_account_reports.mis_report_style_6,,,activo_a_corto_plazo+activo_a_largo_plazo,,l10n_mx_account_reports.mis_report_trial_balance
mis_report_kpi_48,activo_a_corto_plazo,102,Activo a corto plazo,num,none,sum,TRUE,l10n_mx_account_reports.mis_report_style_7,l10n_mx_account_reports.mis_report_style_8,,,True,l10n_mx_account_reports.mis_report_trial_balance
mis_report_kpi_49,activo_a_largo_plazo,103,Activo a largo plazo,num,pct,sum,TRUE,l10n_mx_account_reports.mis_report_style_7,l10n_mx_account_reports.mis_report_style_8,,,True,l10n_mx_account_reports.mis_report_trial_balance
mis_report_kpi_50,pasivo,104,Pasivo,num,pct,sum,,l10n_mx_account_reports.mis_report_style_6,,,pasivo_corto_plazo+pasivo_largo_plazo,,l10n_mx_account_reports.mis_report_trial_balance
mis_report_kpi_51,pasivo_corto_plazo,105,Pasivo corto plazo,num,pct,sum,TRUE,l10n_mx_account_reports.mis_report_style_7,l10n_mx_account_reports.mis_report_style_8,,,True,l10n_mx_account_reports.mis_report_trial_balance
mis_report_kpi_52,pasivo_largo_plazo,106,Pasivo largo plazo,num,pct,sum,TRUE,l10n_mx_account_reports.mis_report_style_7,l10n_mx_account_reports.mis_report_style_8,,,True,l10n_mx_account_reports.mis_report_trial_balance
mis_report_kpi_53,capital_contable,107,Capital contable,num,pct,sum,TRUE,l10n_mx_account_reports.mis_report_style_6,l10n_mx_account_reports.mis_report_style_8,,,True,l10n_mx_account_reports.mis_report_trial_balance
mis_report_kpi_54,utilidad_del_ejercicio,108,Utilidad del ejercicio,num,pct,sum,,l10n_mx_account_reports.mis_report_style_8,,,ingresos+costos+gastos+resultado_integral_de_financiamiento,,l10n_mx_account_reports.mis_report_trial_balance
mis_report_kpi_55,ingresos,109,Ingresos,num,pct,sum,TRUE,l10n_mx_account_reports.mis_report_style_6,l10n_mx_account_reports.mis_report_style_8,,,True,l10n_mx_account_reports.mis_report_trial_balance
mis_report_kpi_56,costos,110,Costos,num,pct,sum,TRUE,l10n_mx_account_reports.mis_report_style_6,l10n_mx_account_reports.mis_report_style_8,,,True,l10n_mx_account_reports.mis_report_trial_balance
mis_report_kpi_57,gastos,111,Gastos,num,pct,sum,TRUE,l10n_mx_account_reports.mis_report_style_6,l10n_mx_account_reports.mis_report_style_8,,,True,l10n_mx_account_reports.mis_report_trial_balance
mis_report_kpi_58,resultado_integral_de_financiamiento,112,Resultado integral de financiamiento,num,pct,sum,TRUE,l10n_mx_account_reports.mis_report_style_6,l10n_mx_account_reports.mis_report_style_8,,,True,l10n_mx_account_reports.mis_report_trial_balance
mis_report_kpi_59,cargos_abonos,113,Cargos / Abonos,num,pct,sum,,,,,activo_a_corto_plazo+activo_a_largo_plazo+pasivo_corto_plazo+pasivo_largo_plazo+capital_contable+ingresos+costos+gastos+resultado_integral_de_financiamiento,,l10n_mx_account_reports.mis_report_trial_balance
mis_report_kpi_60,clientes,100,Clientes,num,pct,sum,,l10n_mx_account_reports.mis_report_style_5,l10n_mx_account_reports.mis_report_style_8,,cliente_saldo.balance,True,l10n_mx_account_reports.mis_report_aged_receivable
mis_report_kpi_61,proveedores,100,Proveedores,num,pct,sum,,l10n_mx_account_reports.mis_report_style_5,l10n_mx_account_reports.mis_report_style_8,,proveedor_saldo.balance,True,l10n_mx_account_reports.mis_report_aged_payable
mis_report_kpi_62,efectivo_y_equivalentes_si,100,"Efectivo y equivalentes de efectivo, inicio de periodo",num,pct,sum,,l10n_mx_account_reports.mis_report_style_5,l10n_mx_account_reports.mis_report_style_5,,"bali[101%,102%]",True,l10n_mx_account_reports.mis_report_cash_flow
mis_report_kpi_63,total_efectivo_y_equivalentes_si,101,"Total Efectivo y equivalentes de efectivo, inicio de periodo",num,pct,sum,,l10n_mx_account_reports.mis_report_style_2,,,efectivo_y_equivalentes_si,,l10n_mx_account_reports.mis_report_cash_flow
mis_report_kpi_64,incremento_neto_de_efectivo_y_de_equivalentes_de_efectivo,102,Incremento neto de efectivo y de equivalentes de efectivo,num,pct,sum,,l10n_mx_account_reports.mis_report_style_2,,,ingreso_ventas+devoluciones_descuentos_o_bonificaciones_sobre_ingresos+efectivo_pagado_por_actividades_de_operacion+entrada_de_efectivo+salida_de_efectivo+entrada_de_efectivo_inv+salida_de_efectivo_inv+entrada_de_efectivo_otro+salida_de_efectivo_otro,,l10n_mx_account_reports.mis_report_cash_flow
mis_report_kpi_65,ingreso_ventas,103,Ingreso ventas,num,pct,sum,,l10n_mx_account_reports.mis_report_style_5,l10n_mx_account_reports.mis_report_style_8,,-balp[401%],True,l10n_mx_account_reports.mis_report_cash_flow
mis_report_kpi_66,devoluciones_descuentos_o_bonificaciones_sobre_ingresos,104,"Devoluciones, descuentos o bonificaciones sobre ingresos",num,pct,sum,,l10n_mx_account_reports.mis_report_style_5,l10n_mx_account_reports.mis_report_style_8,,-balp[402%],True,l10n_mx_account_reports.mis_report_cash_flow
mis_report_kpi_67,flujos_de_efectivo_de_actividades_de_operacion,105,Flujos de efectivo de actividades de operación,num,pct,sum,,l10n_mx_account_reports.mis_report_style_4,,,ingreso_ventas+devoluciones_descuentos_o_bonificaciones_sobre_ingresos,,l10n_mx_account_reports.mis_report_cash_flow
mis_report_kpi_68,anticipos_recibidos_de_los_clientes,106,Anticipos recibidos de los clientes,num,pct,sum,,l10n_mx_account_reports.mis_report_style_4,l10n_mx_account_reports.mis_report_style_8,,"-balp[109%,120%]",True,l10n_mx_account_reports.mis_report_cash_flow
mis_report_kpi_69,anticipos_pagados_a_proveedores,107,Anticipos pagados a proveedores-,num,pct,sum,,l10n_mx_account_reports.mis_report_style_4,l10n_mx_account_reports.mis_report_style_8,,"-balp[203%,206%,253%]",True,l10n_mx_account_reports.mis_report_cash_flow
mis_report_kpi_70,total_anticipos_pagados_a_proveedores,108,Total Anticipos pagados a proveedores,num,pct,sum,,l10n_mx_account_reports.mis_report_style_5,,,anticipos_recibidos_de_los_clientes+anticipos_pagados_a_proveedores,,l10n_mx_account_reports.mis_report_cash_flow
mis_report_kpi_71,efectivo_pagado_por_actividades_de_operacion,109,Efectivo pagado por actividades de operación,num,pct,sum,,l10n_mx_account_reports.mis_report_style_5,l10n_mx_account_reports.mis_report_style_8,,"-balp[115%,500%,501%,502%,504%,505%,60%,610%,611%,612%]",True,l10n_mx_account_reports.mis_report_cash_flow
mis_report_kpi_72,total_efectivo_pagado_por_actividades_de_operacion,110,Total Efectivo pagado por actividades de operación,num,pct,sum,,l10n_mx_account_reports.mis_report_style_5,,,efectivo_pagado_por_actividades_de_operacion,,l10n_mx_account_reports.mis_report_cash_flow
mis_report_kpi_73,flujos_de_efectivo_de_actividades_de_inversion_y_extraordinarias,111,Flujos de efectivo de actividades de inversión y extraordinarias,num,pct,sum,,l10n_mx_account_reports.mis_report_style_5,,,entrada_de_efectivo+salida_de_efectivo,,l10n_mx_account_reports.mis_report_cash_flow
mis_report_kpi_74,entrada_de_efectivo,112,Entrada de efectivo,num,pct,sum,,l10n_mx_account_reports.mis_report_style_4,l10n_mx_account_reports.mis_report_style_8,,"-balp[403%,503%]",True,l10n_mx_account_reports.mis_report_cash_flow
mis_report_kpi_75,salida_de_efectivo,113,Salida de efectivo,num,pct,sum,,l10n_mx_account_reports.mis_report_style_4,l10n_mx_account_reports.mis_report_style_8,,"-balp[103%,104%,151%,152%,153%,154%,155%,156%,157%,158%,159%,160%,161%,162%,163%,164%,165%,166%,167%,168%,169%,170%,173%,174%,175%,176%,177%,178%,179%,180%,181%,182%,184%,185%,186%,187%,188%,189%,190%,191%]",True,l10n_mx_account_reports.mis_report_cash_flow
mis_report_kpi_76,flujos_de_efectivo_de_actividades_financieras,114,Flujos de efectivo de actividades financieras,num,pct,sum,,l10n_mx_account_reports.mis_report_style_5,,,entrada_de_efectivo_inv+salida_de_efectivo_inv,,l10n_mx_account_reports.mis_report_cash_flow
mis_report_kpi_77,entrada_de_efectivo_inv,115,Entrada de efectivo,num,pct,sum,,l10n_mx_account_reports.mis_report_style_4,l10n_mx_account_reports.mis_report_style_8,,"-balp[702%,704%]",True,l10n_mx_account_reports.mis_report_cash_flow
mis_report_kpi_78,salida_de_efectivo_inv,116,Salida de efectivo,num,pct,sum,,l10n_mx_account_reports.mis_report_style_4,l10n_mx_account_reports.mis_report_style_8,,"-balp[701%,703%]",True,l10n_mx_account_reports.mis_report_cash_flow
mis_report_kpi_79,flujos_de_efectivo_de_actividades_sin_clasificar,117,Flujos de efectivo de actividades sin clasificar,num,pct,sum,,l10n_mx_account_reports.mis_report_style_5,,,entrada_de_efectivo_otro+salida_de_efectivo_otro,,l10n_mx_account_reports.mis_report_cash_flow
mis_report_kpi_80,entrada_de_efectivo_otro,118,Entrada de efectivo,num,pct,sum,,l10n_mx_account_reports.mis_report_style_4,l10n_mx_account_reports.mis_report_style_8,,"-balp[201%,202%,251%,252%,204%,205%,207%,208%,209%,210%,211%,212%,213%,214%,215%,216%,217%,218%,254%,255%,256%,257%,258%,259%,260%,301%,302%,303%,306%,304%]",True,l10n_mx_account_reports.mis_report_cash_flow
mis_report_kpi_81,salida_de_efectivo_otro,119,Salida de efectivo,num,pct,sum,,l10n_mx_account_reports.mis_report_style_4,l10n_mx_account_reports.mis_report_style_8,,"-balp[105%,106%,107%,110%,111%,112%,113%,114%,116%,117%,118%,119%,121%]",True,l10n_mx_account_reports.mis_report_cash_flow
mis_report_kpi_82,efectivo_y_equivalentes_cierre,120,"Efectivo y equivalentes de efectivo, balance de cierre",num,pct,sum,,l10n_mx_account_reports.mis_report_style_5,l10n_mx_account_reports.mis_report_style_5,,"bale[101%,102%]",True,l10n_mx_account_reports.mis_report_cash_flow
mis_report_kpi_83,total_efectivo_y_equivalentes_de_efectivo__balance_de_cierre,121,"Total Efectivo y equivalentes de efectivo, balance de cierre",num,pct,sum,,l10n_mx_account_reports.mis_report_style_2,,,efectivo_y_equivalentes_cierre,,l10n_mx_account_reports.mis_report_cash_flow
mis_report_kpi_84,discrepancias_en_efectivo,122,Discrepancias en efectivo,num,pct,sum,,l10n_mx_account_reports.mis_report_style_4,,,efectivo_y_equivalentes_si-efectivo_y_equivalentes_cierre+incremento_neto_de_efectivo_y_de_equivalentes_de_efectivo,,l10n_mx_account_reports.mis_report_cash_flow
